[
  {
    "title": "Exklusive Systembetreuung",
    "description": "z.B. persönlicher Ansprechpartner, Tipps, erweiterter Support..."
  },
  {
    "title": "Fernwartung bei Störfällen",
    "description": "z.B. Diagnose, Wartung, Änderung von Einstellungen..."
  },
  {
    "title": "Fehlerbehebung vor Ort",
    "description": "Diagnose, Reparatur und Austausch durch Techniker vor Ort."
  },
  {
    "title": "Übernahme der Reparaturkosten",
    "description": "z.B. Anfahrt, Diagnose, Reperaturarbeiten, Gerätetausch..."
  },
  {
    "title": "Jährlicher System-Health-Check",
    "description": "z.B. Software-Updates, Schließen von Sicherheitslücken..."
  },
  {
    "title": "Austausch defekter Geräte",
    "description": "z.B. Überspannung, Verschleiß, Defekte, Eigenverschulden..."
  },
  {
    "title": "Versicherungsschutz",
    "description": "z.B. bei Einbruch, Diebstahl, Hacking, Wasserschaden, Brand..."
  },
  {
    "title": "Unbegrenzte Gewährleistung",
    "description": "Gewährleistung unbegrenzt bei laufendem Wartungsvertrag."
  }
]